管理No,入荷日,入荷店舗,仕入元,担当者,モデル,ストレージ,ランク,バッテリー%,カメラ窓,カメラ染み,NW制限,非正規修理,IMEI,買取価格,修理パーツ原価,販売原価,販売価格,在庫ステータス,ECステータス,販売日,販売チャネル,販売担当者,備考,最終価格更新日時
7070,2024/11/09,福井店,ウェブ,,XR,64,美品,~79%,◯,◯,◯,,358818090047070,14400,803,16800,30980,販売済,SM出品済,2025/6/12,店舗 (鯖江),,32.10%,
190,2024/11/09,福井店,店舗 (ベル),,12Pro,128,良品,80%~89%,◯,◯,◯,,356686117480190,31200,3630,34830,29980,販売済,M出品済,2025/7/4,メルカリ,,-29.70%,
1012,2024/11/03,福井店,店舗 (鯖江),,12Pro,128,美品,80%~89%,◯,◯,◯,,356686112211012,46800,1144,47944,30980,販売済,SM出品済,2025/6/1,店舗 (ベル),堀,-68.50%,
7505,2024/11/17,福井店,ウェブ,,11,128,美品,~79%,◯,◯,◯,,356565103787505,27200,55,28080,30980,販売済,SM出品済,2025/6/8,店舗 (ベル),堀,-4.40%,
2686,2024/11/24,福井店,店舗 (ベル),,11Pro,64,美品,80%~89%,◯,破損有り,◯,,353835107922686,24500,1177,25677,30980,販売済,SM出品済,2025/7/1,メルカリ,,3.40%,
542,2024/11/26,福井店,店舗 (ベル),,13Pro,128,美品,80%~89%,◯,◯,◯,,353742331130542,60300,1298,61598,69980,販売済,SM出品済,2025/6/16,店舗 (ベル),堀,-0.10%,
2841,2024/12/01,福井店,ウェブ,,X,256,美品,~79%,◯,◯,◯,,356742083222841,15200,990,16190,16980,販売済,SM出品済,2025/6/27,メルカリ,,-10.90%,
5259,2024/12/01,鯖江店,店舗 (ベル),,12mini,64,良品,80%~89%,◯,◯,◯,,353011113355259,27900,880,28780,27255,販売済,SM出品済,2025/10/14,店舗 (鯖江),土本,-19.30%,
348,2024/12/12,福井店,店舗 (ベル),,SE2,64,美品,80%~89%,◯,◯,◯,,354430718470348,13500,540,14040,30980,販売済,SM出品済,2025/6/23,店舗 (ベル),堀,41.00%,
1050,2024/12/12,福井店,店舗 (ベル),,12mini,128,リペア品,~79%,◯,◯,◯,,353012116481050,13600,5280,18880,17980,販売済,M出品済,2025/6/2,メルカリ,,-20.30%,
115,2024/12/14,福井店,ウェブ,,11,64,並品,~79%,◯,◯,◯,,352915112420115,17400,3205,21430,25980,販売済,M出品済,2025/7/8,店舗 (ベル),堀,3.50%,
8,2024/12/15,福井店,店舗 (ベル),,12mini,64,美品,80%~89%,◯,◯,◯,,353010117380008,27900,880,28780,29982,販売済,SM出品済,2025/11/01,店舗 (ベル),龍田,-9.50%,
5695,2024/12/16,福井店,ウェブ,,8,256,良品,80%~89%,◯,◯,◯,,356728080325695,8400,1,8838,10980,販売済,SM出品済,2025/6/23,メルカリ,,0.90%,
2835,2024/12/21,鯖江店,ウェブ,,11,64,美品,~79%,◯,◯,◯,,353991106452835,23200,55,24080,36345,販売済,SM出品済,2025/8/15,店舗 (鯖江),龍田,20.70%,
8062,2024/12/24,鯖江店,ウェブ,,XS,64,美品,80%~89%,◯,染み有り,◯,,357234097148062,15400,1100,16500,16255,販売済,SM出品済,2025/9/29,メルカリ,,-17.20%,
2300,2024/12/24,福井店,ウェブ,,XR,64,美品,80%~89%,◯,◯,◯,,358824090132300,18900,803,19703,17980,販売済,SM出品済,2025/6/10,メルカリ,,-24.90%,
7459,2024/12/25,福井店,店舗 (ベル),,XSMax,256,良品,80%~89%,◯,◯,◯,,357300091467459,23100,0,23100,36980,販売済,M出品済,2025/6/19,メルカリ,,24.40%,
2957,2024/12/27,福井店,ウェブ,,11,128,美品,~79%,◯,◯,◯,,352913116732957,27200,55,28080,28980,販売済,SM出品済,2025/6/15,Shopify,土本,-10.50%,
719,2024/12/27,福井店,店舗 (ベル),,11Pro,256,美品,80%~89%,◯,◯,◯,,353836108860719,37800,0,37800,39980,販売済,SM出品済,2025/6/21,店舗 (ベル),堀,-7.40%,
2670,2024/12/27,福井店,店舗 (ベル),,11Pro,256,良品,80%~89%,◯,◯,◯,,353836109962670,29400,0,29400,26980,販売済,SM出品済,2025/7/3,メルカリ,,-22.90%,
6744,2024/12/29,福井店,店舗 (ベル),,12ProMax,256,良品,80%~89%,◯,◯,◯,,356719110676744,48300,0,48300,30000,販売済,M出品済,2025/9/4,メルカリ,,-74.80%,
7497,2025/01/05,福井店,店舗 (ベル),,XR,64,良品,~79%,◯,◯,◯,,357373098737497,12600,803,13403,15980,販売済,M出品済,2025/6/12,メルカリ,,0.20%,
9967,2025/01/12,福井店,店舗 (ベル),,12,64,良品,~79%,◯,◯,◯,,351365224879967,25600,55,26480,36980,販売済,SM出品済,2025/6/2,店舗 (ベル),堀,15.30%,
9232,2025/01/12,福井店,店舗 (ベル),,XR,64,美品,80%~89%,◯,◯,◯,,353051102959232,18900,0,18900,16780,販売済,SM出品済,2025/7/6,メルカリ,,-28.40%,
2833,2025/01/14,福井店,ウェブ,,11,64,美品,80%~89%,◯,◯,◯,,350864488472833,26100,0,26100,25980,販売済,M出品済,2025/7/11,店舗 (ベル),堀,-14.50%,
5860,2025/01/19,福井店,ウェブ,,13Pro,256,美品,80%~89%,◯,◯,◯,,353742332155860,64800,0,64800,74980,販売済,SM出品済,2025/7/6,店舗 (ベル),堀,1.50%,
4666,2025/01/20,福井店,ウェブ,,XR,64,良品,~79%,◯,染み有り,◯,,357374097334666,14805,803,15608,14980,販売済,SM出品済,2025/6/22,メルカリ,,-20.50%,
9741,2025/01/22,福井店,店舗 (ベル),,11,128,美品,~79%,◯,◯,◯,,353994102669741,27200,55,28080,31980,販売済,M出品済,2025/7/19,店舗 (ベル),堀,-1.40%,
1840,2025/01/22,福井店,店舗 (ベル),,11,128,良品,90%~,◯,◯,◯,,352922113881840,27200,0,27200,29980,販売済,SM出品済,2025/6/15,店舗 (ベル),土本,-4.20%,
7098,2025/01/18,福井店,店舗 (ベル),,SE3,64,リペア品,~79%,◯,◯,◯,,358974861347098,17800,2937,20891,27255,販売済,M出品済,2025/10/5,店舗 (ベル),堀,9.60%,
5143,2025/01/16,福井店,店舗 (ベル),,8,256,リペア品,~79%,◯,染み有り,◯,,352994098085143,1000,2417,3417,5436,販売済,M出品済,2025/9/12,メルカリ,,12.30%,
1252,2025/02/09,福井店,店舗 (ベル),,XR,128,良品,80%~89%,◯,◯,◯,,358818092881252,16100,0,16100,17980,販売済,M出品済,2025/6/21,メルカリ,,-4.80%,
7206,2025/02/11,福井店,店舗 (ベル),,XR,64,良品,80%~89%,◯,染み有り,◯,,357377099007206,8500,803,9303,16280,販売済,M出品済,2025/6/12,メルカリ,,27.20%,
8898,2025/02/12,福井店,店舗 (ベル),,13Pro,128,美品,80%~89%,◯,◯,◯,,356144898178898,60600,0,60600,68164,販売済,SM出品済,2025/10/10,店舗 (ベル),龍田,-1.00%,
1936,2025/02/12,福井店,店舗 (ベル),,12mini,64,良品,80%~89%,◯,◯,◯,,353014112711936,15500,0,15500,19980,販売済,SM出品済,2025/6/29,メルカリ,,7.70%,
198,2025/02/14,福井店,ウェブ,,12,128,良品,80%~89%,◯,◯,◯,,354447420170198,30000,0,30000,37980,販売済,SM出品済,2025/6/15,店舗 (ベル),堀,8.00%,
5800,2025/01/13,福井店,ウェブ,,11,64,リペア品,~79%,◯,◯,◯,,358981872475800,10400,0,13425,19680,販売済,M出品済,2025/6/10,メルカリ,,16.80%,
3929,2025/02/16,福井店,店舗 (ベル),,11Pro,256,良品,~79%,◯,◯,◯,,353830100203929,24600,1100,25700,47980,販売済,S出品済,2025/6/6,店舗 (ベル),龍田,33.80%,
9613,2025/02/16,福井店,ウェブ,,XR,64,美品,~79%,◯,◯,◯,,357370092139613,12600,803,13403,15255,販売済,SM出品済,2025/10/4,メルカリ,,-3.90%,
2234,2025/02/19,福井店,店舗 (ベル),,12ProMax,128,美品,80%~89%,破損有り,◯,◯,,356721117962234,51200,0,51200,59980,販売済,SM出品済,2025/6/15,メルカリ,,2.40%,
3537,2025/02/19,福井店,店舗 (ベル),,12,128,美品,80%~89%,◯,◯,◯,,355917845683537,36000,0,36000,39980,販売済,SM出品済,2025/6/15,店舗 (ベル),堀,-2.90%,
5907,2025/02/20,福井店,ウェブ,,11,64,並品,~79%,◯,染み有り,◯,,353974640245907,10400,0,11225,18980,販売済,SM出品済,2025/7/11,メルカリ,,25.90%,
3643,2025/02/20,福井店,店舗 (ベル),,SE2,64,美品,80%~89%,◯,◯,◯,,356794116713643,12600,548,13148,17980,販売済,M出品済,2025/6/2,店舗 (ベル),堀,11.60%,
7183,2025/02/18,福井店,ウェブ,,11,64,良品,~79%,◯,◯,◯,,352990101317183,15600,0,16425,21980,販売済,M出品済,2025/7/5,メルカリ,,10.50%,
882,2025/02/24,福井店,店舗 (ベル),,12,128,リペア品,~79%,◯,染み有り,◯,,353048115800882,0,4840,8250,24980,販売済,M出品済,2025/7/6,メルカリ,,52.80%,
1979,2025/02/24,福井店,ウェブ,,12Pro,128,美品,~79%,◯,染み有り,◯,,356686117191979,27600,825,28425,49980,販売済,S出品済,2025/6/17,店舗 (ベル),堀,30.60%,
4866,2025/02/27,福井店,ウェブ,,12,256,良品,~79%,◯,◯,◯,,353049118614866,25200,0,26025,43980,販売済,SM出品済,2025/6/29,店舗 (ベル),土本,28.00%,
6135,2025/02/27,福井店,ウェブ,,11,64,並品,~79%,◯,染み有り,◯,,352922110766135,10400,0,11225,18780,販売済,SM出品済,2025/7/6,メルカリ,,25.10%,
8924,2025/02/27,福井店,ウェブ,,XR,64,並品,80%~89%,◯,染み有り,◯,,353052100668924,12600,0,12600,16980,販売済,SM出品済,2025/9/2,店舗 (ベル),堀,10.20%,
2539,2025/03/09,福井店,,,SE2,128,美品,80%~89%,◯,◯,◯,,356106840882539,11200,548,14137,23980,販売済,S出品済,2025/5/2,店舗 (ベル),堀,26.70%,
9983,2025/03/10,鯖江店,ウェブ,,13mini,256,美品,~79%,◯,◯,◯,,354084991909983,41600,825,42425,61800,販売済,SM出品済,2025/10/4,店舗 (鯖江),土本,19.10%,
8650,2025/03/11,福井店,ウェブ,,XSMax,256,リペア品,~79%,◯,◯,◯,,357305092158650,18600,0,18600,24980,販売済,SM出品済,2025/6/30,メルカリ,,11.30%,
1916,2025/03/16,福井店,ウェブ,,15Pro,128,美品,80%~89%,◯,◯,◯,,354230911611916,101640,0,101640,124980,販売済,SM出品済,2025/7/2,Shopify,,7.00%,
1086,2025/03/16,福井店,店舗 (ベル),,SE2,64,美品,80%~89%,◯,◯,◯,,354356423511086,12600,0,12600,17980,販売済,未出品,2025/6/19,店舗 (ベル),堀,14.60%,
4961,2025/03/16,鯖江店,店舗 (ベル),,SE2,128,良品,~79%,◯,◯,◯,,356106841494961,10200,548,10748,23618,販売済,SM出品済,2025/8/12,店舗 (鯖江),龍田,40.30%,
4124,2025/03/19,福井店,店舗 (ベル),,12Pro,256,美品,~79%,◯,◯,◯,,356687111294124,41600,825,42425,57980,販売済,SM出品済,2025/6/23,店舗 (ベル),堀,14.50%,
8718,2025/03/22,鯖江店,店舗 (ベル),,12mini,128,美品,80%~89%,◯,染み有り,◯,,353016111438718,22400,0,22400,39073,販売済,SM出品済,2025/8/28,店舗 (鯖江),龍田,29.60%,
3354,2025/03/23,福井店,店舗 (ベル),,8,64,美品,~79%,◯,◯,◯,,356094097373354,7200,0,7637,13980,販売済,SM出品済,2025/5/21,メルカリ,,28.60%,
1131,2025/03/23,福井店,店舗 (ベル),,11,64,並品,80%~89%,◯,染み有り,◯,,351174779311131,10400,0,10400,17980,販売済,SM出品済,2025/6/23,メルカリ,,26.90%,
3558,2025/03/24,福井店,店舗 (ベル),,12,64,良品,~79%,◯,◯,◯,,354047645203558,19200,0,20025,32980,販売済,未出品,2025/6/10,,,25.80%,
2617,2025/03/24,福井店,店舗 (ベル),,SE2,64,美品,80%~89%,◯,◯,◯,,356789117582617,12600,0,12600,17980,販売済,S出品済,2025/6/5,店舗 (ベル),堀,14.60%,
5096,2025/03/26,福井店,店舗 (ベル),,SE2,64,美品,~79%,◯,◯,◯,,356499102965096,11200,548,11748,17980,販売済,SM出品済,2025/7/9,店舗 (ベル),堀,19.40%,
6292,2025/03/27,福井店,店舗 (ベル),,SE2,64,美品,~79%,◯,◯,◯,,354854623036292,11200,548,11748,17980,販売済,SM出品済,2025/7/21,店舗 (ベル),堀,19.40%,
5808,2025/03/29,福井店,店舗 (ベル),,8,64,美品,80%~89%,◯,◯,◯,,356094094035808,8100,0,8100,11980,販売済,未出品,2025/6/24,店舗 (ベル),,14.50%,
8622,2025/04/02,鯖江店,店舗 (ベル),,SE2,64,美品,80%~89%,◯,◯,◯,,354430716158622,12600,0,12600,19980,販売済,SM出品済,2025/9/1,Shopify,,22.20%,
9735,2025/04/02,福井店,店舗 (ベル),,XS,64,良品,~79%,◯,◯,◯,,357234096939735,12600,1100,13700,15436,販売済,SM出品済,2025/9/24,メルカリ,,-4.60%,
2070,2025/04/03,鯖江店,店舗 (ベル),,12Pro,128,良品,90%~,◯,◯,◯,,358618680472070,43000,0,43000,48164,販売済,SM出品済,2025/9/3,店舗 (鯖江),土本,1.50%,
7566,2025/04/03,福井店,店舗 (ベル),,12mini,128,良品,~79%,◯,◯,◯,,353010116957566,19200,792,19992,31800,販売済,SM出品済,2025/9/16,Shopify,,23.80%,
9423,2025/04/05,鯖江店,ウェブ,,8,64,良品,~79%,◯,◯,◯,,356730086419423,5400,0,5837,9073,販売済,SM出品済,2025/9/10,メルカリ,,16.40%,
8633,2025/04/07,福井店,ウェブ,,13,128,美品,80%~89%,◯,◯,◯,,354833964998633,44100,1300,45400,58980,販売済,S出品済,2025/6/16,Shopify,,10.70%,
5482,2025/04/07,福井店,店舗 (ベル),,8,64,良品,~79%,◯,◯,◯,,356095092705482,5400,0,5837,9980,販売済,S出品済,2025/6/20,店舗 (ベル),龍田,23.00%,
1614,2025/04/10,福井店,ウェブ,,SE3,64,良品,~79%,◯,◯,◯,,350737734771614,25000,825,25825,33980,販売済,SM出品済,2025/6/29,メルカリ,,10.60%,
7609,2025/04/10,福井店,店舗 (ベル),,12mini,64,良品,~79%,◯,◯,◯,,353011116687609,16200,792,16992,30480,販売済,SM出品済,2025/8/12,店舗 (ベル),堀,30.60%,
694,2025/04/13,鯖江店,ウェブ,,SE3,64,良品,80%~89%,◯,◯,◯,,359968974650694,19600,825,20425,33980,販売済,SM出品済,2025/8/6,店舗 (鯖江),龍田,26.50%,
9602,2025/04/13,福井店,店舗 (ベル),,8,64,リペア品,~79%,◯,◯,◯,,356098093629602,3600,2417,6017,9073,販売済,S出品済,2025/8/28,Shopify,,14.40%,
6088,2025/04/13,福井店,店舗 (ベル),,12ProMax,128,並品,80%~89%,◯,◯,◯,,356725111836088,44800,0,44800,53081,販売済,SM出品済,2025/7/19,店舗 (ベル),堀,3.10%,
8255,2025/04/14,鯖江店,ウェブ,,SE3,64,良品,~79%,◯,◯,◯,,351153484858255,26900,825,27725,34527,販売済,SM出品済,2025/8/24,店舗 (鯖江),龍田,6.50%,
8297,2025/04/14,福井店,ウェブ,,SE2,64,良品,~79%,◯,◯,◯,,356711113928297,23000,2528,25528,17980,販売済,M出品済,2025/8/16,店舗 (ベル),堀,-57.30%,
6646,2025/04/13,福井店,ウェブ,,SE3,64,良品,~79%,◯,◯,◯,,358974866796646,27000,825,27825,33980,販売済,SM出品済,2025/8/15,店舗 (ベル),堀,4.70%,
6694,2025/04/16,鯖江店,ウェブ,,SE3,64,並品,80%~89%,◯,◯,◯,,351153480416694,19600,825,20425,29073,販売済,M出品済,2025/10/5,店舗 (鯖江),土本,16.20%,
9067,2025/04/17,鯖江店,ウェブ,,XS,256,美品,~79%,◯,染み有り,◯,,357235097559067,14400,0,14400,24980,販売済,SM出品済,2025/8/8,店舗 (鯖江),龍田,27.60%,
8231,2025/04/17,福井店,店舗 (ベル),,SE2,64,良品,~79%,◯,◯,◯,,356792116498231,8400,548,8948,17980,販売済,SM出品済,2025/7/7,メルカリ,,34.90%,
2297,2025/04/18,鯖江店,ウェブ,,SE3,64,並品,80%~89%,◯,◯,◯,,359968976602297,19600,825,20425,29073,販売済,SM出品済,2025/9/23,店舗 (鯖江),龍田,16.20%,
2634,2025/04/20,鯖江店,店舗 (ベル),,14ProMax,256,美品,80%~89%,◯,◯,◯,,351643930312634,96300,0,96300,109073,販売済,SM出品済,2025/10/1,店舗 (鯖江),龍田,0.00%,
7002,2025/04/21,鯖江店,店舗 (ベル),,XR,64,良品,80%~89%,◯,◯,◯,,357373098557002,12600,0,12600,19073,販売済,SM出品済,2025/10/9,メルカリ,,-2.60%,
7026,2025/04/21,鯖江店,店舗 (ベル),,8,64,リペア品,90%~,◯,◯,◯,,356098092997026,3600,0,3600,4500,販売済,S出品済,2025/8/11,店舗 (鯖江),龍田,-7.70%,
2852,2025/04/07,福井店,店舗 (鯖江),,SE2,64,美品,90%~,◯,◯,◯,,356743115102852,14000,0,14000,16980,販売済,M出品済,2025/6/10,Shopify,,2.00%,
9551,2025/04/24,福井店,店舗 (ベル),,X,64,並品,80%~89%,◯,◯,◯,,356742088639551,11200,0,11200,13073,販売済,SM出品済,2025/10/30,メルカリ,,-2.90%,
3210,2025/04/25,鯖江店,店舗 (ベル),,SE2,64,良品,80%~89%,◯,◯,◯,,356498101043210,9800,0,9800,17980,販売済,SM出品済,2025/8/28,Shopify,,30.20%,
9849,2025/04/25,鯖江店,ウェブ,,12Pro,256,並品,90%~,◯,◯,◯,,356686112239849,36400,0,36400,54527,販売済,SM出品済,2025/9/7,店舗 (鯖江),土本,20.90%,
3893,2025/04/26,鯖江店,店舗 (ベル),,12mini,128,並品,80%~89%,◯,◯,◯,,353014116333893,12800,5500,18300,27255,販売済,SM出品済,2025/11/30,店舗 (鯖江),龍田,19.10%,
5822,2025/04/26,鯖江店,店舗 (ベル),,12,128,美品,80%~89%,◯,◯,◯,,353045110595822,34200,0,34200,46345,販売済,SM出品済,2025/8/24,店舗 (鯖江),龍田,12.90%,
7045,2025/04/26,鯖江店,店舗 (ベル),,11Pro,256,良品,80%~89%,◯,◯,◯,,353837105207045,28700,0,28700,44545,販売済,SM出品済,2025/8/20,店舗 (鯖江),龍田,23.40%,
8935,2025/04/27,福井店,店舗 (ベル),,SE2,64,美品,80%~89%,◯,◯,◯,,356711115498935,12600,0,12600,17980,販売済,SM出品済,2025/9/6,店舗 (ベル),堀,14.60%,
6704,2025/04/27,鯖江店,店舗 (ベル),,12mini,256,美品,80%~89%,◯,◯,◯,,353012110436704,30600,0,30600,40074,販売済,SM出品済,2025/9/28,店舗 (鯖江),龍田,10.50%,
4961,2025/04/27,鯖江店,店舗 (ベル),,XS,256,並品,~79%,◯,染み有り,◯,,357233093034961,9600,1100,10700,18164,販売済,M出品済,2025/10/13,メルカリ,,26.00%,
8469,2025/04/28,福井店,店舗 (ベル),,SE2,128,良品,~79%,◯,◯,◯,,356742119448469,10200,548,10748,21800,販売済,SM出品済,2025/9/22,店舗 (ベル),土本,36.30%,
5479,2025/04/28,福井店,店舗 (ベル),,12Pro,256,良品,~79%,◯,◯,◯,,356688116205479,31200,825,32025,56980,販売済,SM出品済,2025/7/11,店舗 (ベル),堀,31.40%,
7146,2025/04/28,鯖江店,店舗 (ベル),,SE2,64,良品,~79%,◯,◯,◯,,351777862477146,8400,548,8948,18980,販売済,SM出品済,2025/8/28,Shopify,,37.90%,
9558,2025/04/29,福井店,店舗 (ベル),,8,64,良品,80%~89%,◯,◯,◯,,352995098709558,6300,0,6300,9073,販売済,SM出品済,2025/9/12,メルカリ,,11.30%,
1086,2025/04/30,鯖江店,店舗 (ベル),,12mini,64,良品,80%~89%,◯,◯,◯,,353013113701086,18900,0,18900,26982,販売済,SM出品済,2025/10/23,店舗 (鯖江),堀,16.10%,
283,2025/04/30,福井店,店舗 (ベル),,X,256,リペア品,~79%,◯,染み有り,◯,,356739085330283,7200,990,8190,11980,販売済,M出品済,2025/7/16,メルカリ,,14.50%,
579,2025/04/23,鯖江店,店舗 (ベル),,SE2,64,美品,~79%,◯,◯,◯,,350252265610579,11200,0,11200,20891,販売済,SM出品済,2025/8/14,店舗 (鯖江),土本,31.80%,
200,2025/05/02,福井店,店舗 (ベル),,13Pro,256,良品,80%~89%,破損有り,染み有り,◯,,356310708890200,27600,0,27600,38982,販売済,M出品済,2025/8/22,メルカリ,,16.20%,
6910,2025/05/05,鯖江店,ウェブ,,11,64,良品,90%~,◯,◯,◯,,356812115716910,20800,0,20800,32709,販売済,SM出品済,2025/8/3,店舗 (鯖江),龍田,23.10%,
6623,2025/05/05,福井店,ウェブ,,13,256,美品,~79%,◯,◯,◯,,358184149226623,42400,0,42400,63980,販売済,S出品済,2025/6/7,店舗 (ベル),土本,21.50%,
4962,2025/05/06,鯖江店,店舗 (ベル),,12mini,64,美品,~79%,◯,◯,◯,,353013110804962,21600,792,22392,27273,販売済,SM出品済,2025/11/13,店舗 (鯖江),龍田,3.80%,
7509,2025/05/09,福井店,店舗 (ベル),,SE2,128,リペア品,~79%,◯,◯,◯,,356487109677509,6800,3948,10748,9982,販売済,S出品済,2025/8/25,Shopify,,-15.20%,
8182,2025/05/09,福井店,ウェブ,,13ProMax,256,美品,80%~89%,◯,◯,◯,,351999629368182,74700,0,74700,98980,販売済,未出品,2025/6/19,店舗 (ベル),堀,12.80%,
3761,2025/05/11,福井店,店舗 (ベル),,XS,256,美品,80%~89%,◯,◯,◯,,357237090843761,21600,0,21600,19800,販売済,SM出品済,2025/9/30,メルカリ,,-24.00%,
6982,2025/05/11,鯖江店,店舗 (ベル),,SE2,64,美品,90%~,◯,◯,◯,,351200144806982,14000,0,14000,19980,販売済,S出品済,2025/6/18,Shopify,,15.20%,
9455,2025/05/11,福井店,店舗 (ベル),,XSMax,512,リペア品,~79%,◯,◯,◯,,357307090429455,13200,1045,14245,19980,販売済,SM出品済,2025/7/31,メルカリ,,13.90%,
8115,2025/05/12,福井店,店舗 (ベル),,12,128,並品,~79%,◯,◯,◯,,353050118858115,22800,0,22800,32980,販売済,SM出品済,2025/7/15,,,17.40%,
1647,2025/05/13,福井店,店舗 (ベル),,11,64,リペア品,~79%,◯,染み有り,◯,,353990100011647,10400,0,10400,15780,販売済,M出品済,2025/6/5,メルカリ,,17.90%,
7710,2025/05/13,福井店,店舗 (ベル),,12Pro,256,美品,90%~,◯,◯,◯,,354687771097710,52000,0,52000,59982,販売済,SM出品済,2025/8/11,店舗 (ベル),堀,1.10%,
127,2025/05/14,鯖江店,店舗 (ベル),,12mini,64,並品,~79%,◯,染み有り,◯,,353010112540127,10800,792,11592,25980,販売済,M出品済,2025/9/2,,,41.30%,
8325,2025/05/17,福井店,店舗 (ベル),,13,128,良品,~79%,◯,◯,◯,,354833966098325,29400,0,29400,52980,販売済,S出品済,2025/6/7,店舗 (ベル),土本,32.00%,
9596,2025/05/18,鯖江店,店舗 (ベル),,12,64,並品,80%~89%,◯,染み有り,◯,,353047117139596,16000,0,16000,25436,販売済,SM出品済,2025/8/3,店舗 (鯖江),龍田,23.10%,
9286,2025/05/18,福井店,ウェブ,,12mini,128,良品,~79%,◯,染み有り,◯,,353014117349286,13600,792,14392,35980,販売済,SM出品済,2025/7/21,メルカリ,,46.80%,
5189,2025/05/21,福井店,店舗 (ベル),,SE2,64,良品,~79%,◯,◯,◯,,356796113745189,8400,548,8948,18164,販売済,SM出品済,2025/8/20,店舗 (ベル),土本,35.60%,
4871,2025/05/21,鯖江店,店舗 (ベル),,SE2,64,良品,~79%,◯,◯,◯,,356786113554871,8400,548,8948,18980,販売済,SM出品済,2025/9/1,Shopify,,37.90%,
614,2025/05/21,福井店,店舗 (ベル),,SE2,128,リペア品,~79%,◯,◯,◯,,356499105890614,6800,2528,9328,16346,販売済,SM出品済,2025/8/17,店舗 (鯖江),龍田,27.30%,
3869,2025/5/22,鯖江店,ウェブ,,12Pro,128,美品,~79%,◯,◯,◯,,356689113813869,36800,825,37625,48164,販売済,SM出品済,2025/11/27,店舗 (鯖江),龍田,9.30%,
2350,2025/05/23,鯖江店,店舗 (ベル),,8,64,良品,80%~89%,◯,◯,◯,,356729083302350,6300,0,6300,9073,販売済,SM出品済,2025/9/10,メルカリ,,11.30%,
8772,2025/05/24,福井店,店舗 (ベル),,11,256,良品,80%~89%,◯,染み有り,◯,,353992107778772,13200,0,13200,32980,販売済,S出品済,2025/7/9,店舗 (ベル),堀,46.50%,
3812,2025/05/24,福井店,店舗 (ベル),,8Plus,64,良品,~79%,◯,◯,◯,,356735086423812,3300,1526,4826,12980,販売済,SM出品済,2025/8/17,店舗 (ベル),堀,45.50%,
3113,2025/05/25,福井店,店舗 (ベル),,13,128,リペア品,~79%,◯,◯,◯,,357329386043113,19600,0,19600,35980,販売済,未出品,2025/6/8,店舗 (ベル),堀,32.30%,
2963,2025/05/26,鯖江店,店舗 (ベル),,SE3,128,並品,80%~89%,◯,◯,△,,359983317862963,16500,0,16500,29982,販売済,S出品済,2025/8/19,店舗 (鯖江),堀,31.50%,
2580,2025/05/27,福井店,店舗 (ベル),,16ProMax,256,美品,90%~,◯,◯,◯,,353324838332580,156000,0,156000,154527,販売済,S出品済,2025/11/16,店舗 (ベル),堀,-12.40%,
2915,2025/06/01,福井店,店舗 (ベル),,11,128,リペア品,~79%,◯,染み有り,◯,,353989101212915,9800,0,9800,24528,販売済,SM出品済,2025/8/21,店舗 (ベル),土本,46.00%,
2971,2025/06/04,福井店,店舗 (ベル),,SE3,128,並品,~79%,◯,◯,◯,,355486599592971,16500,825,17325,34980,販売済,S出品済,2025/7/21,店舗 (ベル),土本,37.20%,
9862,2025/06/05,福井店,店舗 (ベル),,SE2,64,並品,~79%,◯,◯,◯,,356795114639862,7000,548,7548,9980,販売済,M出品済,,メルカリ,,5.90%,
8543,2025/06/06,福井店,店舗 (鯖江),,13,128,良品,~79%,◯,◯,◯,,355818451808543,28600,0,28600,52980,販売済,未出品,2025/7/7,店舗 (ベル),堀,33.50%,
7023,2025/06/07,鯖江店,店舗 (ベル),,SE2,128,並品,~79%,◯,染み有り,◯,,357145416657023,6800,548,7348,17980,販売済,SM出品済,2025/8/11,Shopify,,43.80%,
1250,2025/06/07,福井店,店舗 (ベル),,15,128,リペア品,90%~,◯,◯,△,,356596725221250,31300,7150,38450,69980,販売済,未出品,2025/7/12,店舗 (ベル),堀,33.00%,
8612,2025/06/07,鯖江店,店舗 (ベル),,8,64,良品,80%~89%,◯,◯,◯,,356097092998612,5900,0,5900,9073,販売済,SM出品済,2025/9/10,メルカリ,,15.70%,
5936,2025/06/09,福井店,店舗 (ベル),,SE2,64,美品,~79%,◯,◯,◯,,356786115795936,9800,548,10348,19982,販売済,SM出品済,2025/9/22,店舗 (ベル),土本,33.50%,
4766,2025/06/10,鯖江店,店舗 (ベル),,SE2,64,美品,~79%,◯,◯,◯,,354356422124766,11200,548,11748,19073,販売済,SM出品済,2025/10/24,店舗 (鯖江),土本,23.50%,
8711,2025/06/10,福井店,店舗 (ベル),,15,128,美品,90%~,◯,◯,◯,,356052192368711,78100,-3905,74195,89980,販売済,S出品済,2025/8/3,店舗 (ベル),堀,5.70%,
4061,2025/06/10,福井店,店舗 (ベル),,12,64,良品,~79%,◯,◯,◯,,354047645024061,15000,-8000,7000,19980,販売済,M出品済,2025/7/11,メルカリ,,50.20%,
2358,2025/06/11,鯖江店,店舗 (ベル),,8,64,リペア品,~79%,◯,◯,◯,,352995095472358,3400,0,3400,8164,販売済,SM出品済,2025/9/10,メルカリ,,38.20%,
3278,2025/06/11,福井店,ウェブ,,12mini,128,並品,~79%,◯,◯,◯,,353014119843278,19200,792,19992,24529,販売済,SM出品済,2025/10/21,店舗 (ベル),龍田,4.40%,
9259,2025/06/11,鯖江店,ウェブ,,SE2,64,リペア品,~79%,◯,◯,◯,,359230403859259,5600,2528,8128,12980,販売済,S出品済,2025/8/28,Shopify,,20.10%,
203,2025/06/11,鯖江店,ウェブ,,8,64,並品,~79%,◯,◯,◯,,356731088000203,5400,437,5837,8164,販売済,SM出品済,2025/9/10,メルカリ,,8.30%,
1175,2025/06/13,福井店,ウェブ,,SE2,64,リペア品,80%~89%,◯,◯,◯,,354430713481175,5600,2528,8128,12980,販売済,S出品済,2025/7/6,Shopify,,20.10%,
3251,2025/06/15,福井店,店舗 (ベル),,X,256,リペア品,~79%,◯,染み有り,◯,,356738083473251,3000,3300,6300,10980,販売済,SM出品済,,メルカリ,,24.00%,
7300,2025/06/15,鯖江店,店舗 (ベル),,SE2,64,リペア品,~79%,◯,◯,◯,,359794254837300,6800,548,7348,12709,販売済,未出品,2025/9/16,店舗 (鯖江),龍田,25.30%,
6712,2025/06/15,福井店,店舗 (ベル),,SE2,64,良品,80%~89%,◯,◯,◯,,356779117056712,9800,0,9800,16345,販売済,S出品済,2025/8/22,店舗 (ベル),土本,24.50%,
3995,2025/06/15,鯖江店,店舗 (ベル),,SE2,64,リペア品,80%~89%,◯,◯,◯,,351200142433995,5600,1980,7580,14528,販売済,S出品済,2025/8/14,店舗 (鯖江),龍田,31.70%,
6106,2025/06/15,福井店,店舗 (ベル),,8,64,美品,80%~89%,◯,◯,◯,,356732089516106,7600,0,7600,9982,販売済,S出品済,2025/10/10,Shopify,,5.30%,
5840,2025/06/16,鯖江店,店舗 (ベル),,11Pro,64,美品,80%~89%,◯,◯,◯,,352821110945840,25200,0,25200,37273,販売済,未出品,2025/8/20,店舗 (鯖江),龍田,20.60%,
4110,2025/06/18,福井店,店舗 (ベル),,13,128,美品,80%~89%,◯,◯,△,,357479185434110,30800,1200,32000,58980,販売済,未出品,2025/6/25,店舗 (ベル),龍田,33.50%,
9187,2025/06/19,福井店,店舗 (ベル),,12,128,リペア品,80%~89%,◯,◯,◯,,359676575059187,12800,0,12800,11636,販売済,M出品済,2025/8/24,メルカリ,,-27.60%,
6806,2025/06/19,鯖江店,ウェブ,,13Pro,256,並品,~79%,◯,◯,◯,,356144892676806,36900,1254,38154,73618,販売済,S出品済,2025/8/14,店舗 (鯖江),龍田,36.20%,
3161,2025/06/20,鯖江店,店舗 (ベル),,SE2,64,良品,~79%,◯,◯,◯,,356782112493161,8400,548,8948,19073,販売済,未出品,2025/8/12,店舗 (鯖江),龍田,38.20%,
9353,2025/03/09,福井店,店舗 (ベル),,SE3,64,リペア品,~79%,◯,◯,◯,,351153484769353,11600,2937,14537,29980,販売済,S出品済,2025/6/20,店舗 (ベル),堀,38.00%,
2060,2025/01/19,鯖江店,ウェブ,,SE3,64,美品,~79%,◯,◯,◯,,355172496692060,23200,825,24025,37255,販売済,SM出品済,2025/11/17,店舗 (ベル),堀,22.50%,
3937,2025/06/21,福井店,店舗 (ベル),,11,64,並品,~79%,◯,染み有り,◯,,356581102243937,7200,0,7200,25436,販売済,S出品済,2025/9/3,店舗 (ベル),龍田,58.20%,
3748,2025/06/08,鯖江店,店舗 (ベル),,8Plus,256,並品,~79%,◯,◯,◯,,356737082583748,6000,1026,7026,12709,販売済,SM出品済,2025/9/16,メルカリ,,27.80%,
2984,2025/06/24,福井店,店舗 (ベル),,12,64,並品,80%~89%,◯,染み有り,△,,353046113712984,11550,0,11550,22709,販売済,S出品済,2025/10/5,店舗 (ベル),堀,34.80%,
9286,2024/12/23,福井店,店舗 (ベル),,12mini,64,リペア品,90%~,◯,染み有り,◯,,353014113539286,8800,19100,27900,18164,販売済,M出品済,2025/8/27,メルカリ,,-68.70%,
5437,2025/06/27,福井店,店舗 (鯖江),,16Pro,256,超美品,90%~,◯,◯,◯,,357442264555437,141000,0,141000,164800,販売済,S出品済,2025/7/5,Shopify,,2.90%,
5547,2025/06/29,鯖江店,店舗 (ベル),,XS,64,良品,~79%,◯,◯,◯,,357234097805547,12600,0,12600,15436,販売済,SM出品済,2025/9/24,メルカリ,,2.50%,
8080,2025/06/30,鯖江店,店舗 (ベル),,SE2,64,良品,~79%,◯,◯,◯,,356779119528080,8400,548,8948,18980,販売済,SM出品済,2025/9/1,Shopify,,37.90%,
6027,2025/07/02,福井店,店舗 (ベル),,11Pro,64,良品,~79%,破損有り,染み有り,◯,,352818110286027,8400,2800,11200,27255,販売済,SM出品済,2025/10/18,店舗 (ベル),堀,45.20%,
8714,2025/07/03,鯖江店,店舗 (ベル),,XR,64,リペア品,80%~89%,◯,染み有り,◯,,357377096718714,7200,2200,9400,14527,販売済,SM出品済,2025/10/7,メルカリ,,19.10%,
346,2025/07/03,福井店,店舗 (ベル),,SE3,64,並品,80%~89%,◯,染み有り,◯,,359968972850346,11600,0,11600,26345,販売済,S出品済,2025/9/19,店舗 (ベル),堀,42.10%,
909,2025/07/03,福井店,店舗 (ベル),,8,64,良品,80%~89%,◯,染み有り,◯,,352997099390909,4200,0,4200,8618,販売済,SM出品済,2025/9/11,メルカリ,,31.00%,
358,2025/04/21,鯖江店,店舗 (ベル),,12,64,良品,80%~89%,◯,染み有り,◯,,353560906330358,12500,0,12500,27255,販売済,SM出品済,2025/11/19,店舗 (鯖江),土本,40.40%,
9726,2025/07/06,福井店,店舗 (ベル),,SE2,128,リペア品,~79%,◯,◯,◯,,356493102089726,6800,4398,11198,15980,販売済,未出品,2025/8/28,店舗 (ベル),堀,14.00%,
3526,2025/07/06,鯖江店,店舗 (ベル),,13Pro,128,美品,~79%,◯,◯,△,,354980618573526,36800,1254,38054,59073,販売済,S出品済,2025/11/09,Shopify,,23.30%,
2128,2025/07/06,福井店,店舗 (ベル),,11,64,並品,~79%,◯,◯,◯,,356568108672128,12000,-2400,9600,24980,販売済,S出品済,2025/9/8,Shopify,,47.40%,
8573,2025/07/06,福井店,店舗 (ベル),,12mini,128,良品,80%~89%,破損有り,◯,◯,,353011118588573,15600,0,15600,31800,販売済,SM出品済,2025/10/3,店舗 (ベル),堀,37.60%,
7178,2025/07/06,鯖江店,店舗 (ベル),,XR,64,リペア品,80%~89%,◯,◯,◯,,353051100977178,7200,0,7200,10891,販売済,M出品済,2025/8/23,メルカリ,,36.80%,
1175,2025/06/13,福井店,ウェブ,,SE2,64,リペア品,80%~89%,◯,◯,◯,,354430713481175,5600,2528,8128,12980,販売済,S出品済,2025/7/7,,,20.10%,
8266,2025/06/30,鯖江店,ウェブ,,12Pro,256,並品,~79%,◯,◯,◯,,356685118908266,27600,825,28425,43618,販売済,S出品済,2025/9/13,店舗 (鯖江),龍田,22.10%,
6005,2025/07/07,福井店,店舗 (鯖江),,XR,64,良品,~79%,◯,染み有り,◯,,357375090166005,7200,0,7200,14527,販売済,SM出品済,,,,34.30%,
79,2025/07/10,鯖江店,店舗 (ベル),,16Pro,128,美品,90%~,◯,◯,△,,354553643660079,97600,0,97600,133980,販売済,S出品済,2025/8/1,店舗 (鯖江),,15.50%,
4508,2025/07/12,福井店,店舗 (ベル),,XS,256,リペア品,~79%,◯,染み有り,◯,,35723209744508,9600,2310,11910,16513,販売済,SM出品済,2025/9/23,店舗 (ベル),堀,11.80%,
4864,2025/07/12,鯖江店,店舗 (ベル),,12Pro,256,リペア品,~79%,破損有り,染み有り,◯,,356686116384864,18400,3410,21810,38164,販売済,未出品,,店舗 (鯖江),土本,29.90%,
6692,2025/07/13,鯖江店,店舗 (ベル),,SE2,64,美品,~79%,◯,◯,◯,,356487100656692,11200,548,11748,19980,販売済,SM出品済,2025/8/1,店舗 (鯖江),龍田,26.40%,
4974,2025/07/13,鯖江店,店舗 (ベル),,11,64,リペア品,~79%,◯,染み有り,◯,,356579103784974,6600,0,6600,22709,販売済,S出品済,2025/8/29,店舗 (鯖江),龍田,50.20%,
6155,2025/07/14,福井店,店舗 (ベル),,13ProMax,128,美品,90%~,◯,◯,◯,,351884702116155,72600,0,72600,81800,販売済,S出品済,2025/11/15,店舗 (ベル),堀,-0.70%,
5198,2025/07/15,福井店,店舗 (ベル),,13Pro,128,並品,80%~89%,◯,◯,◯,,356144897035198,40000,0,40000,60300,販売済,S出品済,2025/8/2,店舗 (ベル),堀,21.30%,
2357,2025/07/19,福井店,店舗 (ベル),,14ProMax,128,リペア品,80%~89%,◯,◯,◯,,359687309792357,38300,-33300,5000,29980,販売済,未出品,2025/7/31,店舗 (ベル),堀,69.80%,
1515,2025/07/20,福井店,店舗 (ベル),,13Pro,128,美品,80%~89%,◯,◯,◯,,351436771381515,55400,0,55400,68164,販売済,SM出品済,2025/11/24,店舗 (ベル),堀,6.60%,
7223,2025/07/20,鯖江店,店舗 (ベル),,14,128,良品,80%~89%,◯,◯,◯,,357181335587223,47900,0,47900,64527,販売済,SM出品済,2025/11/13,店舗 (鯖江),龍田,13.60%,
416,2025/07/20,福井店,店舗 (ベル),,14,128,良品,80%~89%,◯,◯,◯,,357181334280416,47900,0,47900,71980,販売済,S出品済,2025/7/27,店舗 (ベル),堀,21.30%,
3486,2025/07/22,鯖江店,店舗 (ベル),,13,256,良品,80%~89%,◯,◯,△,,358184143053486,27200,800,28000,50000,販売済,S出品済,2025/11/05,Shopify,,31.30%,
5871,2025/07/26,福井店,店舗 (ベル),,12Pro,128,リペア品,~79%,◯,◯,◯,,356690114225871,17200,10475,27675,46980,販売済,未出品,2025/8/11,店舗 (ベル),堀,28.40%,
8215,2025/07/28,福井店,店舗 (ベル),,13,256,並品,80%~89%,◯,◯,◯,,350579241288215,38500,0,38500,56980,販売済,S出品済,2025/8/10,店舗 (ベル),堀,20.10%,
9714,2025/07/29,鯖江店,店舗 (ベル),,13,128,良品,~79%,◯,◯,◯,,359551271909714,28600,0,28600,45455,販売済,未出品,2025/8/9,店舗 (鯖江),龍田,24.20%,
1065,2025/07/29,福井店,ウェブ,,13mini,128,良品,80%~89%,◯,◯,◯,,356455810481065,29700,825,30525,48164,販売済,S出品済,2025/9/3,店舗 (ベル),龍田,24.10%,
4785,2025/07/01,福井店,店舗 (ベル),,11ProMax,256,リペア品,~79%,◯,染み有り,◯,,353919104934785,16400,-12649,3751,17980,販売済,M出品済,2025/8/4,メルカリ,,63.90%,
2658,2025/08/01,鯖江店,店舗 (鯖江),,13,128,良品,80%~89%,◯,◯,◯,,355818451922658,33000,0,33000,45454,販売済,未出品,2025/8/9,店舗 (鯖江),龍田,14.80%,
2633,2025/08/01,鯖江店,店舗 (鯖江),,SE2,128,並品,90%~,◯,◯,◯,,352980535512633,11900,0,11900,17255,販売済,SM出品済,2025/10/4,店舗 (鯖江),土本,15.70%,
9276,2025/08/02,鯖江店,店舗 (鯖江),,8,64,美品,~79%,◯,◯,◯,,356728084039276,6800,437,7237,10891,販売済,S出品済,2025/9/13,店舗 (鯖江),龍田,15.70%,
240,2025/08/03,福井店,店舗 (ベル),,13,128,並品,80%~89%,◯,◯,◯,,357654173530240,28600,0,28600,43980,販売済,S出品済,2025/8/9,店舗 (ベル),堀,22.10%,
8603,2025/08/03,福井店,店舗 (ベル),,13,128,並品,80%~89%,◯,◯,◯,,350639799268603,28600,0,28600,43980,販売済,S出品済,2025/8/23,店舗 (ベル),堀,22.10%,
1318,2025/06/30,福井店,店舗 (ベル),,7Plus,128,良品,90%~,◯,染み有り,◯,,359190071701318,1000,0,1000,8080,販売済,未出品,2025/8/3,店舗 (ベル),堀,67.20%,
788,2025/08/06,鯖江店,ウェブ,,SE2,64,並品,80%~89%,◯,◯,◯,,351200146870788,8400,548,8948,14527,販売済,S出品済,2025/9/19,Shopify,,22.20%,
6982,2025/08/08,福井店,店舗 (ベル),,13mini,128,美品,~79%,◯,◯,△,,354084993956982,23600,825,24425,43618,販売済,S出品済,2025/10/4,Shopify,,31.30%,
9011,2025/08/08,福井店,ウェブ,,SE3,64,美品,90%~,◯,◯,◯,,358514790429011,29000,0,29000,40980,販売済,S出品済,2025/9/5,店舗 (ベル),堀,16.20%,
2422,2025/08/09,鯖江店,店舗 (鯖江),,11,64,並品,~79%,◯,染み有り,◯,,356574105532422,7200,0,10000,19982,販売済,SM出品済,2025/10/31,Shopify,,35.20%,
8,2025/08/09,鯖江店,店舗 (鯖江),,13,128,美品,80%~89%,◯,◯,◯,,358184146800008,39600,0,40000,57255,販売済,SM出品済,2025/10/15,店舗 (鯖江),土本,17.80%,
1502,2025/08/10,鯖江店,店舗 (鯖江),,12mini,64,良品,~79%,◯,染み有り,◯,,353013117721502,8800,792,9592,29073,販売済,S出品済,2025/9/3,店舗 (鯖江),土本,53.40%,
2343,2025/08/11,福井店,店舗 (ベル),,XSMax,256,リペア品,80%~89%,◯,染み有り,◯,,357304092302343,5000,2420,7420,17255,販売済,M出品済,2025/9/21,メルカリ,,41.70%,
7797,2025/08/11,福井店,店舗 (ベル),,13,256,良品,~79%,◯,◯,△,,359551271607797,22300,4700,27000,53980,販売済,未出品,2025/8/28,店舗 (ベル),堀,37.50%,
6092,2025/08/13,福井店,店舗 (ベル),,12,64,良品,90%~,◯,◯,◯,,350400610716092,20000,0,20000,29982,販売済,SM出品済,2025/9/20,店舗 (ベル),堀,19.80%,
1064,2025/08/16,福井店,ウェブ,,11Pro,256,美品,~79%,◯,染み有り,◯,,352831111581064,19800,1100,20900,39982,販売済,SM出品済,2025/9/22,Shopify,,34.90%,
5187,2025/08/17,福井店,店舗 (ベル),,13,128,良品,80%~89%,◯,◯,◯,,354833967195187,33000,0,33000,50980,販売済,未出品,2025/8/27,店舗 (ベル),堀,22.60%,
5730,2025/08/18,福井店,店舗 (ベル),,SE3,64,美品,90%~,◯,◯,◯,,356986937895730,29000,0,29000,37255,販売済,S出品済,2025/11/17,店舗 (ベル),堀,9.10%,
3653,2025/08/18,鯖江店,店舗 (鯖江),,12,128,並品,~79%,◯,染み有り,◯,,353051117263653,13000,825,13825,36345,販売済,未出品,2025/9/4,店舗 (鯖江),堀,48.90%,
2605,2025/08/21,鯖江店,店舗 (鯖江),,13,128,並品,80%~89%,◯,◯,◯,,351548601272605,33000,0,33000,46345,販売済,未出品,2025/8/29,店舗 (鯖江),龍田,16.20%,
2823,2025/08/22,鯖江店,店舗 (鯖江),,12,128,リペア品,~79%,◯,染み有り,◯,,353047118042823,12800,3410,16210,29982,販売済,S出品済,2025/9/14,店舗 (鯖江),龍田,32.40%,
1017,2025/08/22,福井店,店舗 (ベル),,16,128,超美品,90%~,◯,◯,◯,,358029679141017,102000,0,102000,119982,販売済,未出品,2025/8/31,店舗 (ベル),堀,3.40%,
8411,2025/08/22,福井店,ウェブ,,SE2,64,良品,~79%,◯,◯,◯,,351540513148411,8200,548,8748,17255,販売済,S出品済,2025/9/1,Shopify,,34.00%,
1347,2025/08/23,福井店,店舗 (ベル),,14,128,並品,80%~89%,◯,◯,✕,,352604722421347,5000,0,5000,27091,販売済,未出品,2025/8/23,店舗 (ベル),堀,67.70%,
8676,2025/08/24,鯖江店,店舗 (鯖江),,16ProMax,256,並品,90%~,◯,◯,△,,358360631828676,118400,0,118400,143618,販売済,S出品済,2025/10/24,店舗 (鯖江),土本,6.00%,
583,2025/08/25,福井店,ウェブ,,12mini,256,並品,~79%,◯,◯,◯,,353016111750583,14400,792,15192,29073,販売済,S出品済,2025/10/20,店舗 (ベル),堀,34.20%,
4127,2025/08/28,福井店,ウェブ,,SE2,64,リペア品,80%~89%,◯,◯,◯,,356495104644127,5600,1980,7580,13618,販売済,未出品,2025/9/7,店舗 (ベル),堀,27.80%,
9538,2025/08/29,鯖江店,店舗 (ベル),,Pro11-3,128,美品,80%~89%,◯,◯,◯,,356635354159538,40000,0,40000,63618,販売済,未出品,,店舗 (鯖江),龍田,29.20%,
LMPD,2025/08/26,鯖江店,ウェブ,,Air3,64,良品,80%~89%,◯,◯,◯,,DMPD5ARDLMPD,18800,0,18800,31800,販売済,未出品,2025/10/24,店舗 (ベル),堀,27.50%,
1025,2025/08/29,鯖江店,ウェブ,,SE3,64,リペア品,~79%,◯,◯,◯,,351153482241025,11600,2937,14537,27255,販売済,SM出品済,2025/9/30,店舗 (鯖江),龍田,32.90%,
4780,2025/08/31,鯖江店,店舗 (鯖江),,SE2,64,並品,~79%,◯,染み有り,◯,,352235587474780,4400,548,4948,12709,販売済,SM出品済,2025/10/12,メルカリ,,44.20%,
1623,2025/09/01,福井店,店舗 (ベル),,SE3,128,並品,80%~89%,◯,◯,◯,,358974863621623,20700,0,20700,36345,販売済,S出品済,2025/10/4,店舗 (ベル),堀,30.00%,
2076,2025/09/02,福井店,ウェブ,,14Pro,256,並品,80%~89%,◯,◯,◯,,355833865872076,58900,0,58900,85436,販売済,S出品済,2025/9/17,店舗 (ベル),堀,19.20%,
7849,2025/09/03,福井店,店舗 (ベル),,android,64,超美品,90%~,◯,◯,◯,,351636301857849,10000,0,10000,14527,販売済,,2025/10/15,店舗 (ベル),,15.00%,
5248,2025/09/03,福井店,店舗 (ベル),,android,64,超美品,90%~,◯,◯,◯,,351636302855248,10000,0,10000,14527,販売済,,2025/10/11,店舗 (鯖江),龍田,15.00%,
2912,2025/09/06,福井店,店舗 (ベル),,XR,128,並品,80%~89%,◯,◯,◯,,357375092072912,6400,0,6400,16345,販売済,S出品済,2025/9/26,店舗 (ベル),堀,45.30%,
3849,2025/09/06,福井店,店舗 (ベル),,11,64,並品,~79%,◯,◯,◯,,356569102263849,9600,825,10425,24527,販売済,S出品済,2025/9/14,店舗 (ベル),堀,43.40%,
2092,2025/09/07,鯖江店,店舗 (鯖江),,12,64,並品,~79%,◯,染み有り,◯,,354047641292092,8000,2825,10825,22709,販売済,未出品,2025/9/14,店舗 (鯖江),龍田,38.00%,
4835,2025/09/12,鯖江店,店舗 (鯖江),,android,128,超美品,90%~,◯,◯,◯,,35178175574835,10000,0,10000,14527,販売済,,2025/9/12,店舗 (鯖江),土本,15.00%,
5087,2025/08/11,福井店,店舗 (ベル),,7,32,良品,80%~89%,◯,◯,◯,,359181070705087,1000,0,1000,5436,販売済,M出品済,2025/10/7,メルカリ,,56.80%,
9982,2025/09/13,福井店,店舗 (ベル),,14,128,美品,90%~,◯,◯,◯,,350596484199982,64000,0,64000,81800,販売済,S出品済,2025/11/20,店舗 (ベル),龍田,9.80%,
7469,2025/09/14,鯖江店,店舗 (鯖江),,SE3,64,美品,90%~,◯,◯,△,,352348972007469,19200,0,19200,39982,販売済,,2025/9/17,店舗 (鯖江),龍田,39.10%,
5231,2025/09/17,鯖江店,店舗 (ベル),,android,64,超美品,90%~,◯,◯,◯,,352478707085231,10000,0,10000,14527,販売済,未出品,2025/10/21,店舗 (鯖江),土本,15.00%,
5959,2025/09/17,福井店,店舗 (ベル),,13Pro,256,良品,~79%,◯,染み有り,△,,354980613045959,27200,1254,28454,24727,販売済,S出品済,2025/10/30,,堀,-29.40%,
1778,2025/09/18,鯖江店,店舗 (鯖江),,13mini,128,美品,90%~,◯,◯,◯,,354084998081778,40000,0,40000,49982,販売済,SM出品済,2025/10/20,店舗 (鯖江),龍田,7.50%,
9240,2025/09/20,福井店,店舗 (鯖江),,XR,128,並品,80%~89%,◯,染み有り,◯,,357377097639240,6400,0,6400,14527,販売済,S出品済,2025/11/14,Shopify,,39.80%,
9587,2025/09/22,鯖江店,店舗 (ベル),,11Pro,256,並品,~79%,◯,◯,◯,,352834113029587,17400,1100,18500,27255,販売済,SM出品済,2025/11/11,店舗 (鯖江),土本,18.40%,
1148,2025/09/24,鯖江店,店舗 (鯖江),,android,256,超美品,90%~,◯,◯,◯,,864594070451148,7800,0,7800,26345,販売済,M出品済,2025/11/03,メルカリ,,56.50%,
1093,2025/09/24,鯖江店,ウェブ,,16Pro,128,美品,90%~,◯,◯,◯,,358309634291093,129000,0,129000,139073,販売済,S出品済,2025/10/12,Shopify,龍田,-4.30%,
1274,2025/09/26,福井店,ウェブ,,SE2,64,並品,80%~89%,◯,◯,△,,351540518101274,5800,0,5800,12709,販売済,S出品済,2025/10/24,店舗 (ベル),龍田,37.50%,
5572,2025/09/26,福井店,店舗 (鯖江),,16e,128,超美品,90%~,◯,◯,◯,,350868238235572,82000,0,82000,86345,販売済,未出品,2025/10/10,店舗 (ベル),龍田,-6.80%,
9468,2025/09/26,福井店,店舗 (ベル),,8,64,美品,90%~,◯,◯,◯,,356097094339468,7000,-4000,3000,9073,販売済,M出品済,2025/10/1,メルカリ,,47.70%,
8992,2025/09/26,鯖江店,店舗 (ベル),,SE2,128,並品,~79%,◯,◯,◯,,356499100978992,8600,-52,8548,16345,販売済,未出品,2025/10/7,店舗 (鯖江),土本,32.10%,
9941,2025/09/27,鯖江店,店舗 (鯖江),,13,128,良品,80%~89%,◯,◯,△,,356174413159941,19600,0,19600,50000,販売済,S出品済,2025/11/05,Shopify,,48.10%,
6206,2025/09/27,福井店,店舗 (ベル),,12,64,美品,~79%,◯,◯,◯,,353304541956206,20000,825,20825,29073,販売済,S出品済,2025/10/11,店舗 (ベル),堀,14.80%,
3131,2025/09/27,福井店,店舗 (ベル),,12,64,良品,80%~89%,◯,◯,◯,,354447421283131,19500,0,19500,29982,販売済,S出品済,2025/11/2,店舗 (ベル),堀,21.50%,
7565,2025/09/27,福井店,ウェブ,,11,64,並品,80%~89%,◯,染み有り,◯,,352928111877565,9800,0,9800,19982,販売済,S出品済,2025/11/05,店舗 (ベル),堀,36.20%,
9934,2025/09/28,鯖江店,店舗 (ベル),,13ProMax,128,並品,80%~89%,◯,◯,△,,351884708589934,33100,0,33100,57255,販売済,S出品済,2025/11/15,店舗 (鯖江),土本,29.90%,
7983,2025/09/28,鯖江店,ウェブ,,13,128,良品,80%~89%,◯,◯,◯,,351519632147983,37100,0,37100,50891,販売済,S出品済,2025/10/22,Shopify,,14.60%,
6721,2025/09/30,鯖江店,ウェブ,,15Pro,256,美品,90%~,◯,◯,◯,,354496318616721,114000,0,114000,118164,販売済,S出品済,2025/11/23,店舗 (鯖江),龍田,-8.10%,
1609,2025/10/03,福井店,店舗 (ベル),,12,64,良品,~79%,◯,染み有り,◯,,353045119741609,12000,0,12825,31800,販売済,未出品,2025/11/10,店舗 (ベル),龍田,46.30%,
8074,2025/10/04,鯖江店,店舗 (鯖江),,14Pro,128,美品,80%~89%,◯,◯,◯,,357629662168074,73800,0,73800,89073,販売済,未出品,2025/10/18,店舗 (鯖江),龍田,5.30%,
6199,2025/10/04,福井店,店舗 (ベル),,13,128,リペア品,80%~89%,◯,◯,△,,357654175756199,19600,-4800,14800,36345,販売済,未出品,2025/10/14,店舗 (ベル),龍田,46.20%,
9948,2025/10/05,鯖江店,店舗 (鯖江),,13,128,並品,~79%,◯,◯,◯,,356682978179948,25200,825,26025,40891,販売済,S出品済,2025/10/31,店舗 (鯖江),龍田,23.50%,
7157,2025/10/15,福井店,ウェブ,,13,128,良品,80%~89%,◯,◯,◯,,350579246257157,34600,0,34600,50891,販売済,未出品,2025/11/03,店舗 (ベル),堀,19.50%,
1120,2025/10/16,鯖江店,店舗 (鯖江),,SE2,128,美品,90%~,◯,◯,◯,,356797114071120,13000,0,13000,24527,販売済,S出品済,2025/10/21,店舗 (鯖江),土本,32.90%,
7514,2025/10/19,福井店,ウェブ,,13,128,良品,80%~89%,◯,◯,◯,,352873838307514,34600,0,34600,50891,販売済,S出品済,2025/11/17,店舗 (ベル),堀,19.50%,
2632,2025/10/19,福井店,店舗 (ベル),,13mini,256,良品,80%~89%,◯,◯,◯,,356966681262632,36400,0,36400,53618,販売済,未出品,,,,19.70%,
2670,2025/10/20,鯖江店,店舗 (ベル),,SE2,64,並品,80%~89%,◯,◯,◯,,356493100012670,7700,0,7700,11800,販売済,S出品済,2025/11/04,店舗 (鯖江),土本,17.40%,
1891,2025/10/20,鯖江店,店舗 (鯖江),,SE2,64,美品,80%~89%,◯,◯,◯,,356792115791891,11700,-3300,8400,19073,販売済,SM出品済,2025/11/24,店舗 (鯖江),土本,41.00%,
628,2025/10/21,鯖江店,店舗 (鯖江),,SE2,64,並品,80%~89%,◯,◯,◯,,356132584640628,7700,-1300,6400,12709,販売済,S出品済,2025/11/07,Shopify,,32.70%,
5962,2025/10/25,福井店,店舗 (鯖江),,12mini,64,リペア品,~79%,◯,◯,◯,履歴無し,353013114465962,8800,3960,12760,22709,販売済,S出品済,2025/11/21,店舗 (ベル),堀,29.50%,
5800,2025/10/29,鯖江店,店舗 (鯖江),,13,128,美品,80%~89%,◯,◯,◯,履歴無し,351548607685800,39600,-5000,34600,57255,販売済,SM出品済,2025/11/25,店舗 (鯖江),土本,27.30%,
9600,2025/11/06,福井店,店舗 (ベル),,15Plus,256,美品,90%~,◯,◯,◯,履歴無し,357977668489600,91000,0,91000,115436,販売済,未出品,2025/11/19,店舗 (ベル),龍田,9.50%,
1927,2025/11/08,福井店,店舗 (ベル),,14,128,並品,80%~89%,◯,◯,◯,履歴無し,354870285931927,37300,0,37300,56345,販売済,未出品,2025/11/14,店舗 (ベル),龍田,21.50%,
3087,2025/11/10,鯖江店,店舗 (ベル),,12Pro,512,並品,~79%,◯,◯,◯,履歴無し,356688113303087,29800,825,30625,43618,販売済,SM出品済,2025/11/27,店舗 (鯖江),龍田,17.10%,
9707,2025/11/11,鯖江店,ウェブ,,X,256,並品,80%~89%,◯,染み有り,◯,履歴無し,356741083639707,9900,0,9900,18164,販売済,SM出品済,2025/11/30,店舗 (鯖江),龍田,30.40%,
4969,2025/11/12,鯖江店,ウェブ,,12Pro,128,並品,90%~,◯,◯,◯,履歴無し,356687119604969,29000,0,29000,39982,販売済,SM出品済,2025/11/27,店舗 (鯖江),龍田,14.60%,
3081,2024/12/26,鯖江店,ウェブ,,11,128,美品,79%,破損なし,染みなし,◯,履歴なし,356574109593081,27200,55,28080,32709,販売済,SM出品済,2025/12/30,店舗,土本,0.009,
2250,2024/12/26,鯖江店,店舗 (ベル),,XR,64,美品,90%~,破損なし,染みなし,◯,履歴なし,357375093062250,21000,0,21000,18164,販売済,SM出品済,2025/12/19,メルカリ,土本,-0.307,
4132,2025/01/04,福井店,店舗 (ベル),,11Pro,64,良品,90%~,破損なし,染みあり,◯,履歴なし,353844101134132,21000,1177,22177,25436,販売済,M出品済,2025/12/19,メルカリ,堀,-0.011,
6230,2025/01/24,鯖江店,店舗 (ベル),,SE3,64,良品,90%~,破損なし,染みなし,◯,履歴なし,352348972916230,26400,0,26400,32709,販売済,SM出品済,2025/12/03,店舗,堀,0.06,
1454,2025/03/26,鯖江店,店舗 (ベル),,12mini,64,リペア品,79%,破損なし,染みなし,◯,履歴なし,353014114891454,16200,4752,20952,21800,販売済,S出品済,2025/12/19,店舗,土本,-0.106,
7354,2025/04/07,福井店,ウェブ,,12,128,美品,80%~89%,破損なし,染みあり,◯,履歴なし,359035295877354,26600,0,26600,38164,販売済,SM出品済,2025/12/09,店舗,龍田,0.173,
6347,2025/04/22,鯖江店,ウェブ,,XR,64,良品,90%~,破損なし,染みなし,◯,履歴なし,357374093966347,14400,0,14400,17255,販売済,SM出品済,2025/12/11,メルカリ,土本,0.012,
1154,2025/05/17,福井店,店舗 (ベル),,11ProMax,512,美品,90%~,破損なし,染みなし,◯,履歴なし,353918103461154,49000,0,49000,59073,販売済,SM出品済,2025/12/08,Shopify,その他,0.048,
6278,2025/06/07,福井店,店舗 (ベル),,SE3,64,リペア品,80%~89%,破損なし,染みなし,△,履歴なし,359968971366278,14500,1980,16480,24527,販売済,S出品済,2025/12/02,店舗,龍田,0.188,
6407,2025/06/07,鯖江店,店舗 (ベル),,SE3,64,美品,80%~89%,破損なし,染みなし,△,履歴なし,359968979246407,20300,0,20300,33618,販売済,S出品済,2025/12/04,店舗,龍田,0.264,
3854,2025/06/17,鯖江店,店舗 (ベル),,XR,128,リペア品,79%,破損なし,染みなし,◯,履歴なし,357379093893854,8000,3003,11003,15436,販売済,SM出品済,2025/12/23,メルカリ,龍田,0.129,
8424,2025/06/22,鯖江店,店舗 (ベル),,11ProMax,64,リペア品,79%,破損なし,染みあり,◯,履歴なし,353908102628424,14400,4351,18751,29982,販売済,SM出品済,2025/12/10,メルカリ,土本,0.24,
7942,2025/07/06,福井店,店舗 (ベル),,SE2,64,良品,80%~89%,破損なし,染みあり,◯,履歴なし,356742114227942,9800,548,10348,14527,販売済,SM出品済,2025/12/15,店舗,堀,0.126,
9747,2025/07/06,福井店,店舗 (ベル),,SE3,64,リペア品,80%~89%,破損なし,染みなし,◯,履歴あり,355124564719747,11600,1980,13580,27255,販売済,S出品済,2025/12/04,Shopify,その他,0.364,
783,2025/07/12,鯖江店,店舗 (ベル),,11,64,並品,79%,破損なし,染みあり,◯,履歴なし,356566104570783,7200,0,7200,19982,販売済,SM出品済,2025/12/01,店舗,土本,0.492,
6424,2025/07/27,鯖江店,店舗 (ベル),,12mini,128,美品,79%,破損なし,染みなし,◯,履歴なし,353016113246424,20800,792,21592,31618,販売済,SM出品済,2025/12/24,メルカリ,その他,メルカリ販売価格,2025/12/24
4341,2025/08/03,鯖江店,店舗 (鯖江),,SE2,64,良品,79%,破損なし,染みなし,◯,履歴なし,352980535194341,8400,0,8400,15436,販売済,SM出品済,2025/12/28,店舗,龍田,0.297,
1532,2025/08/11,鯖江店,店舗 (鯖江),,11,64,並品,79%,破損なし,染みなし,◯,履歴なし,352928110811532,9600,0,9600,21800,販売済,SM出品済,2025/12/07,Shopify,土本,0.415,
6789,2025/08/11,福井店,店舗 (ベル),,7,128,リペア品,80%~89%,破損あり,染みあり,◯,履歴なし,353837085006789,1000,1375,2375,5436,販売済,M出品済,2025/12/09,メルカリ,龍田,0.315,
1439,2025/08/11,福井店,店舗 (ベル),,13mini,128,並品,79%,破損なし,染みなし,◯,履歴なし,352971448961439,25700,825,26525,39982,販売済,S出品済,2025/12/02,店舗,龍田,0.208,
1077,2025/08/18,鯖江店,店舗 (鯖江),,SE2,64,並品,79%,破損なし,染みあり,◯,履歴なし,358397344821077,6000,548,6548,12709,販売済,SM出品済,2025/12/01,Shopify,土本,0.316,
5929,2025/08/31,鯖江店,ウェブ,,13mini,128,美品,79%,破損なし,染みなし,◯,履歴なし,359693400365929,32000,825,32825,53618,販売済,SM出品済,2025/12/12,Shopify,土本,0.264,
3252,2025/09/13,鯖江店,店舗 (鯖江),,SE3,64,リペア品,80%~89%,破損なし,染みなし,◯,履歴なし,352348979453252,11600,2937,14537,22709,販売済,SM出品済,2025/12/03,メルカリ,土本,0.217,
8949,2025/09/14,福井店,店舗 (ベル),,12mini,64,リペア品,79%,破損なし,染みなし,◯,履歴なし,353013117458949,8800,0,8800,14527,販売済,M出品済,2025/12/09,メルカリ,龍田,0.233,
891,2025/09/17,鯖江店,店舗 (ベル),,11,64,良品,79%,破損なし,染みあり,◯,履歴なし,356575102910891,9600,825,10425,25436,販売済,SM出品済,2025/12/07,Shopify,土本,0.451,
8508,2025/09/26,福井店,ウェブ,,13,128,美品,80%~89%,破損なし,染みなし,◯,履歴なし,351519632268508,44100,0,44100,57255,販売済,S出品済,2025/12/10,店舗,堀,0.107,
2621,2025/09/29,福井店,店舗 (ベル),,SE2,256,並品,79%,破損なし,染みあり,◯,履歴なし,356780113302621,7600,548,8148,17255,販売済,未出品,2025/12/25,店舗,堀,0.374,
3369,2025/10/01,鯖江店,店舗 (ベル),,12,64,良品,80%~89%,破損なし,染みあり,◯,履歴なし,352380205773369,14500,0,14500,29982,販売済,SM出品済,2025/12/30,店舗,龍田,0.381,
308,2025/10/04,福井店,ウェブ,,SE2,64,良品,80%~89%,破損なし,染みなし,◯,履歴なし,356788110630308,9200,0,9200,15436,販売済,S出品済,2025/12/17,店舗,龍田,0.245,
4514,2025/10/05,福井店,店舗 (ベル),,SE2,64,並品,80%~89%,破損なし,染みなし,◯,履歴なし,356485100374514,7200,0,7200,12709,販売済,S出品済,2025/12/12,Shopify,龍田,0.264,
8794,2025/10/17,福井店,店舗 (ベル),,XS,256,美品,79%,破損なし,染みあり,◯,履歴なし,357237091758794,10800,-2800,8000,22709,販売済,S出品済,2025/12/17,店舗,龍田,0.505,
9938,2025/10/19,鯖江店,ウェブ,,12ProMax,128,美品,80%~89%,破損なし,染みなし,◯,履歴なし,356725110159938,48600,0,48600,68164,販売済,SM出品済,2025/12/10,店舗,土本,0.166,
8953,2025/10/21,福井店,店舗 (ベル),,13Pro,256,リペア品,79%,破損なし,染みなし,◯,履歴なし,350283164678953,30000,4884,34884,49982,販売済,S出品済,2025/12/20,店舗,堀,0.177,
9263,2025/10/21,鯖江店,ウェブ,,12,64,良品,80%~89%,破損なし,染みあり,◯,履歴なし,353051112879263,14500,0,14500,27254,販売済,SM出品済,2025/12/05,店舗,土本,0.381,
9227,2025/10/24,福井店,店舗 (ベル),,11Pro,256,並品,80%~89%,破損なし,染みなし,◯,履歴なし,353825108429227,16300,-6300,10000,22709,販売済,未出品,2025/12/30,店舗,堀,0.417,
4967,2025/10/28,鯖江店,ウェブ,,15Pro,256,良品,90%~,破損なし,染みなし,◯,履歴なし,354230912234967,94000,0,94000,118164,販売済,S出品済,2025/12/27,店舗,龍田,0.088,
5613,2025/11/01,福井店,店舗 (ベル),,12,128,並品,90%~,破損なし,染みなし,◯,履歴あり,353048113535613,16600,0,16600,31800,販売済,S出品済,2025/12/07,店舗,堀,0.344,
1945,2025/11/04,福井店,店舗 (ベル),,12,128,良品,79%,破損なし,染みなし,△,履歴なし,353920960061945,15200,0,15200,35436,販売済,S出品済,2025/12/01,店舗,龍田,0.44,
1745,2025/11/04,鯖江店,店舗 (ベル),,XR,64,リペア品,80%~89%,破損なし,染みあり,◯,履歴なし,353051102191745,0,2200,2200,13618,販売済,SM出品済,2025/12/14,店舗,龍田,0.673,
6777,2025/11/05,福井店,ウェブ,,15Pro,256,並品,80%~89%,破損なし,染みなし,◯,履歴なし,355361723766777,68500,0,68500,99073,販売済,S出品済,2025/12/09,店舗,堀,0.191,
1724,2025/11/08,鯖江店,店舗 (ベル),,14,128,並品,80%~89%,破損なし,染みなし,◯,履歴なし,350967681701724,37300,0,37300,56345,販売済,SM出品済,2025/12/25,店舗,龍田,0.215,
5617,2025/11/14,福井店,店舗 (ベル),,13Pro,256,美品,80%~89%,破損なし,染みなし,◯,履歴なし,351436771025617,52400,0,52400,82709,販売済,S出品済,2025/12/21,Shopify,その他,0.247,
701,2025/11/15,福井店,店舗 (ベル),,11,128,並品,79%,破損なし,染みあり,◯,履歴あり,356573106680701,11000,0,11000,24527,販売済,S出品済,2025/12/30,店舗,龍田,0.411,
1296,2025/11/21,鯖江店,ウェブ,,12ProMax,256,良品,79%,破損なし,染みなし,◯,履歴なし,356725117861296,37600,0,37600,62627,販売済,SM出品済,2025/12/10,店舗,土本,0.278,
8509,2025/11/21,鯖江店,ウェブ,,12ProMax,256,美品,80%~89%,破損なし,染みなし,◯,履歴なし,356724113328509,43300,0,43300,71800,販売済,S出品済,2025/12/20,店舗,土本,0.276,
8157,2025/11/23,福井店,店舗 (ベル),,SE3,128,並品,79%,破損なし,染みなし,◯,履歴なし,350158426028157,16400,0,16400,31800,販売済,未出品,2025/12/13,店舗,堀,0.351,
821,2025/11/27,鯖江店,店舗 (鯖江),,12,64,並品,80%~89%,破損なし,染みあり,◯,履歴なし,353304544330821,10500,0,10500,25436,販売済,SM出品済,2025/12/21,店舗,龍田,0.448,
8520,2025/12/13,鯖江店,鯖江店,土本,12mini,128,美品,72,破損なし,染みあり,◯,履歴なし,353010116498520,14400,0,14400,30980,販売済,S出品済,2025/12/30,店舗,龍田,"減額
バッテリー 79%以下 -2,000円
カメラ染み 10%",2025/12/26
1596,2025/12/14,鯖江店,福井店,堀,11ProMax,64,リペア品,77,破損なし,染みあり,◯,履歴なし,352869112961596,10000,2050,12050,20980,販売済,,2025/12/19,店舗,土本,,
3260,2025/12/15,福井店,福井店,堀,13,256,美品,89,破損なし,染みなし,△,履歴なし,357654178083260,18000,0,18000,55980,販売済,,2025/12/28,店舗,堀,"コネクタ充電不良
パーツ交換なしで改善
ネットワーク△分 減額",2025/12/15
6097,2025/12/21,福井店,福井店,堀,SE3,64,良品,83,破損なし,染みなし,◯,履歴なし,355486593896097,21300,0,21300,34980,販売済,,2025/12/27,店舗,その他,バッテリー78% 減額,2025/12/21
4941,2025/12/21,福井店,WEB,堀,12,128,並品,80,破損なし,染みなし,◯,履歴なし,350643633854941,18920,0,18920,29980,販売済,,2025/12/26,店舗,堀,"web買取10%UP +1,720円",
3116,2025/12/28,福井店,福井店,堀,13,128,超美品,100,破損なし,染みなし,◯,履歴なし,353202257183116,48000,0,48000,68980,販売済,,2025/12/31,店舗,堀,,
6469,2025/02/16,福井店,店舗 (ベル),,SE2,128,美品,79%,破損なし,染みなし,◯,履歴なし,356785116656469,13600,548,14148,24527,販売済,SM出品済,2026/01/03,店舗,堀,0.283,
8973,2025/03/08,鯖江店,店舗 (ベル),,12,128,美品,80%~89%,破損なし,染みなし,◯,履歴なし,358503111528973,34200,0,34200,39980,販売済,SM出品済,2026/01/18,メルカリ,土本,0.054,2026/01/11
6917,2025/03/09,福井店,店舗 (ベル),,SE2,128,美品,79%,破損なし,染みなし,◯,履歴なし,356742114416917,13600,548,14148,19618,販売済,SM出品済,2026/01/09,店舗,堀,0.129,
8962,2025/05/14,福井店,ウェブ,,13mini,128,美品,80%~89%,破損なし,染みなし,◯,履歴なし,354084998588962,41400,0,41400,52980,販売済,SM出品済,2026/01/17,店舗,堀,0.104,2026/01/13
4760,2025/05/22,福井店,店舗 (ベル),,13Pro,128,美品,80%~89%,破損なし,染みなし,◯,履歴なし,356310703884760,57600,0,57600,68164,販売済,SM出品済,2026/01/03,店舗,堀,0.034,
8207,2025/06/03,福井店,店舗 (ベル),,XSMax,64,並品,80%~89%,破損なし,染みなし,◯,履歴なし,357304090268207,16800,0,16800,27980,販売済,SM出品済,2026/01/24,店舗,堀,"バッテリー -1,000円
",2026/01/21
252,2025/07/07,福井店,店舗 (ベル),,11,128,良品,80%~89%,破損なし,染みあり,◯,履歴なし,352924110980252,13500,0,13500,27255,販売済,SM出品済,2026/01/07,店舗,龍田,0.367,
1606,2025/08/17,福井店,店舗 (ベル),,13mini,128,美品,80%~89%,破損なし,染みなし,◯,履歴なし,354084996321606,35600,0,35600,52980,販売済,S出品済,2026/01/19,店舗,龍田,0.212,2026/01/13
4390,2025/08/29,鯖江店,店舗 (ベル),,Pad10,64,美品,90%~,破損なし,染みなし,◯,履歴なし,358011795534390,31200,0,31200,49982,販売済,未出品,2026/01/31,店舗,土本,0.251,
3721,2025/09/13,鯖江店,店舗 (鯖江),,XR,128,並品,90%~,破損なし,染みなし,◯,履歴なし,357371096353721,8000,0,8000,15436,販売済,SM出品済,2026/01/12,店舗,龍田,0.323,
8398,2025/09/23,鯖江店,ウェブ,,15,128,美品,90%~,破損なし,染みなし,◯,履歴なし,355800722388398,84000,0,84000,86345,販売済,S出品済,2026/01/04,店舗,土本,-0.092,
6238,2025/10/08,福井店,店舗 (鯖江),,XS,256,良品,79%,破損なし,染みなし,◯,履歴なし,357239090626238,8000,1100,9100,19980,販売済,SM出品済,2026/01/18,店舗,龍田,0.456,2026/01/13
9435,2025/10/11,福井店,店舗 (鯖江),,12mini,64,美品,79%,破損なし,染みなし,◯,履歴なし,353014110079435,14600,792,15392,27255,販売済,SM出品済,2026/01/14,店舗,堀,0.352,
568,2025/10/12,鯖江店,店舗 (ベル),,13ProMax,128,美品,90%~,破損なし,染みなし,◯,履歴なし,359577620080568,71000,0,71000,89980,販売済,SM出品済,2026/01/27,店舗,土本,0.084,2026/01/11
1225,2025/11/04,福井店,店舗 (ベル),,SE2,128,リペア品,80%~89%,破損なし,染みなし,◯,履歴なし,356483105411225,7000,1980,8980,16980,販売済,SM出品済,2026/01/25,店舗,堀,0.26,2026/01/25
1107,2025/11/14,福井店,店舗 (鯖江),,16e,128,美品,90%~,破損なし,染みなし,◯,履歴なし,355981132601107,76000,0,76000,99980,販売済,S出品済,2026/01/27,店舗,龍田,"純正100% +5,000円",2026/01/13
2516,2025/11/16,鯖江店,店舗 (鯖江),,11,64,並品,79%,破損なし,染みあり,◯,履歴なし,352919114682516,8000,0,8000,23980,販売済,SM出品済,2026/01/26,店舗,土本,"バッテリー-2,000
シミ少-1,000",2026/01/24
7533,2025/11/22,福井店,ウェブ,,11,64,良品,79%,破損なし,染みあり,◯,履歴なし,354003107257533,10000,0,10000,24255,販売済,SM出品済,2026/01/07,店舗,龍田,カメラシミ 10%減額,2025/12/23
9710,2025/12/16,鯖江店,鯖江店,土本,14,256,並品,87,破損なし,染みなし,△,履歴なし,358851436759710,29260,0,29260,62980,販売済,S出品済,2026/01/06,店舗,龍田,買取強化端末10%アップで買取,
9471,2025/12/18,鯖江店,鯖江店,龍田,SE3,64,美品,100,破損なし,染みなし,◯,履歴なし,358974868679741,27000,0,27000,45980,販売済,S出品済,2026/01/16,Shopify,土本,,2026/01/11
3970,2025/12/21,福井店,福井店,堀,13mini,128,リペア品,78,破損なし,染みなし,◯,履歴あり,354084992633970,14000,0,14000,37980,販売済,,2026/01/23,店舗,龍田,"バッテリー -2,000円",2026/01/21
1300,2025/12/21,福井店,福井店,堀,SE2,128,並品,81,破損なし,染みあり,◯,履歴なし,356795110231300,7000,0,7000,16980,販売済,S出品済,2026/01/17,店舗,龍田,"減額
バッテリー 89~80% -1,000円
カメラシミ -1,000",2026/01/13
1440,2025/12/28,福井店,WEB,堀,SE2,64,リペア品,74,破損なし,染みあり,◯,履歴なし,351458130791440,5000,1250,6250,12980,販売済,S出品済,2026/01/28,店舗,土本,"バッテリー-2,000",2026/01/13
5124,2025/12/30,鯖江店,鯖江店,土本,14,128,美品,96,破損なし,染みなし,◯,履歴なし,355232488685124,55000,0,55000,72980,販売済,S出品済,2026/01/17,店舗,龍田,,2026/01/11
6071,2025/12/30,福井店,福井店,龍田,13,128,並品,83,破損なし,染みなし,◯,履歴なし,350579240006071,25700,0,25700,45436,販売済,,2026/01/09,店舗,堀,,2025/12/30
6935,2026/01/04,福井店,WEB,堀,SE3,64,良品,100,破損なし,染みなし,◯,履歴あり,355172493666935,20420,0,20420,35980,販売済,,2026/01/05,店舗,龍田,"10%アップ (20,460円)にて買取",
4255,2026/01/05,福井店,WEB,堀,SE2,64,並品,73,破損なし,染みなし,◯,履歴なし,356491107494255,6400,0,6400,15980,販売済,,2026/01/28,店舗,堀,"減額 
バッテリー -2,000円 ",2026/01/22
9579,2026/01/06,福井店,WEB,堀,SE3,64,良品,83,破損なし,染みなし,◯,履歴なし,355486591419579,21300,0,21300,35980,販売済,,2026/01/30,店舗,堀,"バッテリー -1,000円",2026/01/21
3337,2026/01/10,鯖江店,鯖江店,土本,14Pro,128,良品,84,破損なし,染みなし,◯,履歴なし,355833865803337,52400,0,52400,80980,販売済,,2026/01/18,店舗,土本,"バッテリー-1,000",2026/01/13
2715,2026/01/11,福井店,WEB,堀,X,256,リペア品,100,破損なし,染みなし,◯,履歴あり,356738083642715,4000,0,4000,14980,販売済,,2026/01/28,店舗,堀,"画面修理なし
リペア品 価格で販売",2026/01/21
5094,2026/01/11,福井店,福井店,堀,12,128,並品,78,破損なし,染みなし,◯,履歴なし,353048112295094,14400,0,14400,40980,販売済,S出品済,2026/01/23,店舗,土本,"バッテリー-2,000",2026/01/21
7506,2026/01/11,福井店,WEB,堀,12,256,良品,76,破損なし,染みなし,◯,履歴なし,353051112627506,21600,0,21600,39980,販売済,,2026/01/16,店舗,龍田,"バッテリー -2,000円",2026/01/12
912,2026/01/17,鯖江店,鯖江店,龍田,SE3,128,美品,76,破損なし,染みなし,◯,履歴なし,359968970400912,24000,0,24000,46980,販売済,S出品済,2026/01/25,店舗,龍田,"バッテリー-2,000",2026/01/21
5880,2026/01/20,福井店,WEB,龍田,12,256,超美品,100,破損なし,染みなし,◯,履歴なし,353560907795880,36000,0,36000,52980,販売済,,2026/01/23,店舗,龍田,,